	Colonna	Numero di celle	% Valori mancanti	% Valori univoci
0	product	381	6.157635467980295	31.496062992125985
1	color	347	14.532019704433496	1.440922190201729
2	size	355	12.561576354679804	1.4084507042253522
3	material	403	0.7389162561576355	1.488833746898263
